word,transcription,translation_x
American,,американец/американский
April,ˈeɪprəl,апрель
August,ˈɔːɡəst,август
Christmas,ˈkrɪsməs,Рождество
Congress,,Конгресс
December,dɪˈsembər,декабрь
Democrat,,демократ
Easter,ˈiːstə,Пасха
February,ˈfebrʊerɪ,февраль
Friday,ˈfraɪdeɪ,пятница
I,aɪ,я
Independence Day,ɪndɪˈpend(ə)ns/deɪ,День Независимости
January,ˈdʒænjʊerɪ,январь
July,dʒʊˈlaɪ,июль
June,dʒuːn,июнь
March,mɑːrtʃ,март
May,meɪ,май
Monday,ˈmʌndeɪ,понедельник
Mr,,мистер
New Year’s Eve,njuː,канун Нового года
November,nəʊˈvembər,ноябрь
October,ɑːkˈtəʊbər,октябрь
PM,,после полудня
Republican,,республиканец
Saturday,ˈsætərdeɪ,суббота
September,sepˈtembər,сентябрь
Sunday,ˈsʌndeɪ,воскресенье
T-shirt/a tee,ˈtiːʃɜːt/tiː,футболка
TV,ˌtiː ˈviː,телевизор/ТВ
Thursday,ˈθɜːrzdeɪ,четверг
Tuesday,ˈtuːzdeɪ,вторник
Victory Day,ˈvɪkt(ə)rɪ/deɪ,День победы
Wednesday,ˈwenzdeɪ,среда
a,,артикль
ability,,возможность
able,,способен
about,əˈbaʊt,о/об/около/примерно/
above,əˈbʌv,над/сверх
above/below zero,əˈbʌv/bɪˈləʊ/ˈzɪərəʊ,выше/ниже нуля
abusive,əˈbjuːsɪv,жестокий
accept,,принимать
according,,в соответствии
accountant,əˈkaʊnt(ə)nt,бухгалтер
ache,eɪk,боль
across,,через
act,tuː ækt,играть (на сцене)/действовать
action,,действие
active,ˈæktɪv,активный
activity,,занятие
actor/actress,ˈæktə/ˈæktrəs,актер/актриса
actually,,на самом деле
add,æd,добавлять
administration,,администрация
adult,,взрослый
affect,,воздействовать
after,ˈæftər,после
afternoon,æftərˈnuːn,день (после полудня)
again,,снова
against,əˈɡenst,против
age,eɪdʒ,возраст
agency,,агентство
ago,ˈɡəʊ,назад/тому назад
agree,,соглашаться
air,,воздух
airport,ˈeəpɔːt,аэропорт
aisle,aɪl,проход между рядами в самолете
all,ɔːl,все
allergy,ˈælədʒɪ,аллергия
allow,,разрешать
almost,,почти
along,,вместе
already,ɔːlˈredɪ,уже
also,ˈɔːlsəʊ,также
although,ɔːlˈðəʊ,хотя
always,ˈɔːlweɪz,всегда
ambitious,æmˈbɪʃəs,амбициозный
among,,среди
amount,,сумма
analysis,,анализ
ancient,ˈeɪnʃ(ə)nt,древний
and,ənd,и
angry,ˈæŋɡrɪ,сердитый
animal,,животное
annoying,əˈnɔɪɪŋ,раздражающий
another,,другой
answer,,ответ
ant,ænt,муравей
anxious,ˈæŋ(k)ʃəs,тревожный
any,ˈenɪ,несколько/некоторое количество/любой
anyone,,кто-нибудь
anything,,что-нибудь
appear,,появляться
apply,,подавать заявление
approach,,приближение
area,,местность
argue,,спор
arm,,рука
armchair,ˈɑːmtʃeə,кресло
around,,вокруг
arrival,əˈraɪvəl,прибытие
arrive,əˈraɪv,прибывать
art,ɑːrt,искусство
article,,статья
artist,ˈɑːtɪst,художник
as,,как
as,,в качестве
ask,,спрашивать
at,,на/в
attack,,атака
attention,,внимание
attorney,əˈtɜːnɪ,адвокат
attractive,əˈtræktɪv,привлекательный
aunt,ɑːnt,тетя
author,,автор
authority,,власть
autumn (AmE: fall),ˈɔːtəm/fɔːl,осень
available,,доступный
average,ˈæv(ə)rɪdʒ,средний
avoid,,избегать
away,,вне/далеко
away,,прочь
awful,ˈɔːfʊl,ужасный
baby,'beɪbɪ,малыш/младенец
back,,назад
back,,зад
bad,bæd,плохой
baked,beɪkt,запеченный
ball,,мяч
bank,bæŋk,банк
bar,,бар
bartender,ˈbɑːtendə,бармен
base,,база
base,,основа
basic,ˈbeɪsɪk,основной/базовый
bathroom,ˈbɑːθruːm,ванная
be,,быть
be (was/were – been),bɪ/wəz/wə(r)/biːn,быть
beach,biːtʃ,пляж
beans,beans,фасоль
bear,beə,медведь
beautiful,ˈbjuːtɪfʊl,красивый
because,bɪˈkəz,потому что/так как
because of,bɪˈkəz,из-за
become,,становиться
become (became – become),bɪˈkʌm/bɪˈkeɪm,становиться
bed,bed,кровать
bee,biː,пчела
beetroot,ɑ ˈbiːtruːt,свекла
before,bɪˈfɔːr,до/раньше/ранее/прежде чем
begin,,начинать
begin (began – begun),bɪˈɡɪn/bɪˈɡæn/bɪˈɡʌn,начинать
behaviour,,поведение
behind,bɪˈhaɪnd,сзади/позади/за
believe,,верить
bell pepper,ɑ bel ˈpepə,болгарский перец
benefit,,выгода
best,,лучший
better,,лучше
between,bɪˈtwiːn,между
beyond,,за/вне
big,bɪɡ,большой
bill,,счет
billion,,миллиард
birch,bɜːtʃ,береза
bird,bɜːd,птица
birthday,ˈbɜːθdeɪ,день рождения
biscuit (AmE: cookie),ˈbɪskɪt (eɪm: ˈkʊkɪ),печенье
bit,bɪt,немного/чуть-чуть/кусочек
bitter,ˈbɪtə,горький
black,blæk,черный
blizzard,ˈblɪzəd,метель
blogging,ˈblɒgɪŋ,ведение блога
blood,blʌd,кровь
blue,bluː,синий/голубой
board,,борт
board games,bɔːd geɪmz,настольные игры
boarding,ˈbɔːdɪŋ,посадка
boarding pass,ˈbɔːdɪŋ pɑːs,посадочный талон
body,,тело
boiled,bɔɪld,вареный
bone,bəʊn,кость
book,tuː bʊk,забронировать/книга
boots,buːts,бoтинки
boring,ˈbɔːrɪŋ,скучный
both,,оба
bowl,bəʊl,миска
box,,коробка
boy,bɔɪ,мальчик
bracelet,ˈbreɪslɪt,браслет
branch,brɑːn(t)ʃ,ветка
brave,breɪv,смелый
bread,bred,хлеб
break,,ломать
break (broke – broken),breɪk/brəʊk/ˈbrəʊk(ə)n,ломать
breakfast,ˈbrekfəst,завтрак
bright,braɪt,яркий
bring,,нести
brother,ˈbrʌðə,брат
brown,braʊn,коричневый
bruise,bruːz,синяк
build,,строить
building,ˈbɪldɪŋ,здание/постройка
bun,ɑ bʌn,булочка
bush,bʊʃ,куст
business,,бизнес
businessman/businesswoman (pl. businessmen/businesswomen),ˈbɪznɪsmən/ˈbɪznəsmen,бизнесмен
busy,ˈbɪzɪ,занятой
but,bət,но
butcher,ˈbʊtʃə,мясник
butter,ˈbʌtə,масло
buttocks,ˈbʌtəks,ягодицы
buy,,покупать
buy (bought – bought),baɪ/bɔːt,покупать
by,,s
bye,baɪ,пока
cabbage,ɑ ˈkæbɪʤ,капуста
café,ˈkæfeɪ,кафе
cake,ɑ keɪk,торт
call,,звать
call,,звонок
calm,kɑːm,спокойный
camera,,камера
campaign,,кампания
can,kən,уметь/мочь
candidate,,кандидат
car,,автомобиль
card,,карта
care,,забота
care,,заботиться
career,,карьера
careful,ˈkeəfʊl,осторожный
carpenter,ˈkɑːp(ə)ntə,плотник
carpet,ˈkɑːpɪt,ковер
carriage,ˈkærɪʤ,вагон
carrot,ɑ ˈkærət,морковь
carry,,нести
case,,случай
cat,kæt,кот/кошка
catch,,ловить
cause,,причина
ceiling,ˈsiːlɪŋ,потолок
cell,,клеточка
center,,центр
central,,центральный
centre (AmE: a center),ˈsentə/ˈsentər,центр (города)
century,ˈsentʃərɪ,век
certain,,определенный
certainly,,определенно
chair,tʃeə,стул
challenge,,испытание
chance,,шанс
change,tʃeɪn(d)ʒ,менять
character,,персонаж
charge,,заряжать
charming,ˈtʃɑːmɪŋ,очаровательный
check,tʃek,проверять
cheek,tʃiːk,щека
cheese,ʧiːz,сыр
chest,tʃest,грудь
chief,tʃiːf,руководитель/глава
child,,ребенок
child (pl. children),ʧaɪld,ребенок
chilly,ˈtʃɪlɪ,прохладно
chin,tʃɪn,подбородок
chocolate,ˈʧɒklɪt,шоколад
choice,,выбор
choose,,выбирать
choose (chose – chosen),tʃəʊz/tʃəʊz/ˈtʃəʊzn,выбирать
church,tʃɜːtʃ,церковь
cinema,ˈsɪnɪmə,кинотеатр
city,ˈsɪtɪ,город
claim,,требовать
class,,класс
clean,kliːn,чистый
clear,klɪə,ясно/чисто
clearly,,ясно
clever,ˈklevə,умный
client,ˈklaɪənt,клиент
climate,ˈklaɪmət,климат
close,kləʊz,закрывать/близкий
clumsy,ˈklʌmzɪ,неуклюжий
coach,kəʊtʃ,тренер
coast,kəʊst,морское побережье
coat,ˈkəʊt,пальтo
cockroach,ˈkɒkrəʊtʃ,таракан
coffee,ˈkɒfɪ,кофе
cold,kəʊld,холодный
colleague (AmE: a co-worker),ˈkɒliːɡ/kəʊˈwɜːkə,коллега/сотрудник
collect,tuː kəˈlekt,собирать/коллекционировать
college,ə ˈkɑːlɪdʒ,колледж/университет
color,,цвет
colourful,ˈkʌləfʊl,цветнoй
come,,приходить
comfortable,ˈkʌmf(ə)təb(ə)l,удобный
comfortable,ˈkʌmftəbl,удобный
common,ˈkɑːmən,обычный/общий
community,,сообщество
company,,компания
compare,,сравнивать
computer,,компьютер
concern,,беспокойство
condition,,состояние
conference,,конференция
confident,ˈkɒnfɪd(ə)nt,уверенный
consider,,рассматривать
contain,,состоять из
continue,kənˈtɪnjuː,продолжать
control,kənˈtrəʊl,контролировать
cook,kʊk,готовить
cook,tuː kʊk,готовить еду
cool,kuːl,прохладный
corn,kɔːn,кукуруза
cost,,стоимость
cost (cost – cost),kɒst,стоить
cough,kɒf,кашель
could,,мог
country,,страна
couple,,пара
course,,блюдо
course,,курс
court,,корт
cousin,ˈkʌz(ə)n,кузен/кузина
cover,,покрывать
cow,kaʊ,корова
craft,kræft,прикладное искусство/ремесло
crazy,ˈkreɪzɪ,сумасшедший
cream,kriːm,крем/сливки
create,,создавать
crime,,преступление
crowded,ˈkraʊdɪd,многолюдный
cruel,krʊəl,жестокий
cry,kraɪ,плакать
cultural,,культурный
culture,,культура
cup,,чашка
curious,ˈkjʊərɪəs,любопытный
current,ˈkɜːrənt,нынешний/текущий
curtain,ˈkɜːt(ə)n,штора
customs,ˈkʌstəmz,таможня
cut,,резать
cut (cut – cut),kʌt,резать
dad,dæd,папа
dairy,ˈdeərɪ,молочные продукты
daisy,ˈdeɪzɪ,маргаритка
dance,tuː dɑːns,танцевать
dangerous,ˈdeɪn(d)ʒ(ə)rəs,опасный
dark,dɑːk,темный
data,,данные
daughter,ˈdɔːtə,дочь
day,deɪ,день
day off,deɪ/ɒf,выходной
dead,,мертвый
deal,,сделка
deal,,дело
dear,dɪə,дорогой
death,,смерть
decade,,десятилетие
decide,,решать
decision,,решение
deed,,дело
defense,,защита
degree,,степень
delicious,dɪˈlɪʃəs,очень вкусный
delight,dɪˈlaɪt,удовольствие
delivery,dɪˈlɪvərɪ,доставка
democratic,,демократический
departure,dɪˈpɑːʧə,отбытие
describe,,описывать
design,,дизайн
designer,dɪˈzaɪnə,дизайнер
despite,,несмотря на
dessert,dɪˈzɜːt,десерт
destination,ɑ destɪˈneɪʃn,пункт назначения
detail,,деталь
determine,,определять
develop,,развивать
development,,развитие
diarrhea,ˌdaɪəˈrɪə,диарея
dictionary,ə ˈdɪkʃənerɪ,словарь
die,,умирать
difference,,разница
different,ˈdɪf(ə)r(ə)nt,другой/разный
difficult,ˈdɪfɪk(ə)lt,трудный/тяжелый/сложный
dinner,ˈdɪnə,ужин
direction,,направление
director,,директор
dirty,ˈdɜːtɪ,грязный
dirty,ˈdɜːrtɪ,грязный
discover,,исследовать
discuss,,обсуждать
disease,,болезнь
distress,dɪˈstres,страдание
divorced,dɪˈvɔːst,разведенный/разведенная
dizziness,ˈdɪzɪnəs,головокружение
do,,делать
doctor,ˈdɒktə,врач/доктор
dog,dɒg,собака
door,flɔː,дверь
down,daʊn,вниз
draw,,рисовать
draw (drew – drawn),tuː drɔː (druː – drɔːn,рисовать
dream,,мечта/сон
dress,dres,одевать(ся)
dress,dres,платье
drink,drɪŋk,напиток
drink (drank – drunk),drɪŋk/dræŋk/drʌŋk,пить
drive,,водить
driver,ˈdraɪvə,водитель
drizzle,ˈdrɪz(ə)l,морось
drop,,падать
drug,,лекарство/наркотик
dull,dʌl,тусклый
during,ˈdʊrɪŋ,во время/на протяжение
each,,каждый
ear,ɪə,ухо
early,ˈɜːrlɪ,ранний/рано/начальный
earrings,ˈɪərɪŋz,серьги
east,,восток
easy,ˈiːzɪ,простой/легко
easygoing,ˌiːzɪˈɡəʊɪŋ,с легким характером
eat (ate – eaten),iːt/et/ˈiːtən,есть
economic,,экономический
economy,,экономика
edge,,край
editor,ˈedɪtə,редактор
education,,образование
effect,,влиять
effort,,усилия
egg,æn eg,яйцо
eight,eɪt,восемь
eighteen,eɪˈtiːn,восемнадцать
eighty,ˈeɪtɪ,восемьдесят
either,,или
elbow,ˈelbəʊ,локоть
election,,выборы
electrician,ˌɪlekˈtrɪʃ(ə)n,электрик
elegant,ˈelɪɡ(ə)nt,элегантный
eleven,ɪˈlevn,одиннадцать
else,,другой
embroidery,ɪmˈbrɔɪdərɪ,вышивка
employee,,работник
empty,ˈemptɪ,пустой
end,,конец
energetic,ˌenəˈdʒetɪk,энергичный
energy,,энергия
engineer,endʒɪˈnɪə,инженер
enjoy,ɪnˈdʒɔɪ,наслаждаться
enough,ɪˈnʌf,достаточно
enroll,tuː ɪnˈrəʊl,зачислять
enter,,входить
entire,,целый
entrance,ˈentr(ə)ns,вход
environment,,окружающая среда
environmental,,экологический
envy,ˈenvɪ,зависть
especially,,особенно
establish,,установить
even,,даже
evening,ˈiːvnɪŋ,вечер
event,,событие
ever,,всегда
every,,каждый
everybody,,каждый
everyone,,все
everything,,все
evidence,,доказательства
exactly,,точно
exam,ən ɪɡˈzæm,экзамен
example,,пример
excuse me,ɪkˈskjuːz|miː,извините/разрешите
executive,,должностное лицо
exercise,ən ˈeksərsaɪz,упражнение
exit,ˈeksɪt,выход
expect,,ожидать
experience,,опыт
expert,,эксперт
explain,,объяснять
eye,aɪ,глаз
eyebrow,ˈaɪbraʊ,бровь
face,feɪs,лицо
fact,,факт
factor,,фактор
factory,ˈfækt(ə)rɪ,фабрика/завод
fail,,неудача
fair,feə,справедливый
fake,feɪk,поддельный
fall,,падать
family,,семья
far,,далекий
fast,fæst,быстрый
fat,fæt,тучный
father,ˈfɑːðə,отец
father-in-law,ˈfɑːðə ɪn lɔː,свекор/тесть
fear,fɪə,страх
federal,,федеральный
feed (fed – fed),fiːd/fed,кормить
feel,fiːl,чувствовать
feeling,,чувство
fellow,,человек
festival,ˈfestɪv(ə)l,праздник
fever,ˈfiːvə,жар
few,,несколько
few/a few/a little,fjuː,мало (с исчисляемыми существительными)
field,fiːld,поле
fifteen,fɪfˈtiːn,пятнадцать
fifth,fɪfθ,пятый
fifty,ˈfɪftɪ,пятьдесят
fight,,сражаться
figure,,фигура
fill,,заполнять
film,,фильм
film (AmE: a movie),ə fɪlm/ˈmuːvɪ,фильм
final,,финал
finally,,наконец
financial,,финансовый
find,,находить
find (found – found),faɪnd/faʊnd,находить
fine,faɪn,превосходный/утонченный/отлично
finger,ˈfɪŋɡə,палец на руке
finish,,заканчивать
fire,,огонь
firm,,фирма
first,fɜːrst,первый
first,,первый
fish,,рыба
fit,fɪt,соответствовать/подходить (о форме)
fit,fɪt,подходить по размеру/хорошо сидеть
fitness,ˈfɪtnɪs,фитнесс
five,faɪv,пять
flat,flæt,плоский
flat (AmE: an apartment),flæt,квартира
flight attendant,flaɪt/əˈtend(ə)nt,бoртпроводник
floor,flɔː,пол/этаж
flour,ˈflaʊə,мука
flower,ˈflaʊə,цветок
flu,fluː,грипп
fly,,летать
focus,,фокус
fog,fɒɡ,туман
foggy,ˈfɒɡɪ,туманный
food,,еда
foot (pl. feet),fʊt/fiːt,ступня
for,fɔːr,в течение определенного времени/для
force,,принуждать
force,,сила
forehead,ˈfɔːhed,лоб
foreign,,иностранный
forest,ˈfɒrɪst,лес
forget,,забывать
fork,fɔːk,вилка
form,,формировать
form,,форма
former,ˈfɔːrmər,бывший
forty,ˈfɔːtɪ,сорок
forward,,напрямую
four,fɔːr,четыре
fourteen,fɔːrˈtiːn,четырнадцать
fourth,fɔːrθ,четвертый
freckled,ˈfrekəld,веснушчатый
free,friː,свободный/бесплатный
fresh,freʃ,свежий
fridge,frɪdʒ,холодильник
fried,fraɪd,жареный в масле
friend,,друг
friendly,ˈfren(d)lɪ,дружелюбный
frog,frɒɡ,лягушка
from,frəm,из/с
frying pan,ˈfraɪɪŋ/pæn,сковородка
full,fʊl,полный
fun,fʌn,веселье
fund,,фонд
funny,ˈfʌnɪ,забавный
furniture,ˈfɜːnɪtʃə,мебель
future,,будущее
game,,игра
gardening,ˈgɑːdnɪŋ,садоводство
garlic,ˈgɑːlɪk,чеснок
general,,общий
generous,ˈdʒen(ə)rəs,щедрый
get,,получать
get (got – got),ɡet/ˈɡɒt,получать
girl,gɜːl,девочка
give,,давать
give (gave – given),ɡɪv/ɡeɪv/ˈɡɪv(ə)n,давать
glass,,стакан
glasses,ˈɡlɑːsɪz,очки
global warming,ˈɡləʊb(ə)l/ˈwɔːmɪŋ,глобальное потепление
gloves,ɡlʌvz,перчатки
go,,идти
goal,,цель
good,ɡʊd,хороший
government,,правительство
graceful,ˈɡreɪsfʊl,грациозный
graduate,ˈɡrædʒʊət,выпускник
grandfather,ˈɡræn(d)fɑːðə,дедушка
grandmother,ˈɡræn(d)mʌðə,бабушка
graphic novel,ˈɡræfɪk ˈnɑːvl,графический роман/комикс
grass,ɡrɑːs,трава
great,,великий
greedy,ˈɡriːdɪ,жадный
green,ɡriːn,зеленый
grief,ɡriːf,скорбь
ground,,земля
group,,группа
grow,,расти
growth,,рост
grеy,ɡreɪ,сeрый
guess,,догадываться
guest,ɡest,гость
gun,,оружие
guy,,парень
hail,heɪl,град
hair,heə,волосы
half,,половина
hall,hɔːl,коридор
hand,hænd,кисть руки/рука
hang,,вешать
happen,,случаться
happy,ˈhæpɪ,счастливый
hard,,тяжелый
hard,,сложный
hard-working,ˌhɑːdˈwɜːkɪŋ,трудолюбивый
hat,hæt,шляпа
have,,иметь
have (had – had),həv/həd,иметь
have fun,həv/fʌn,веселиться
have to,həv/tə,быть вынужденным сделать что-то
he,hiː,он
head,hed,голова/глава
health,,здоровье
healthy,ˈhelθɪ,здоровый
hear,hɪə,слышать
heart,hɑːt,сердце
heavy,ˈhevɪ,тяжелый
heel,hiːl,пятка
hello,həˈləʊ,здравствуйте
help,,помогать
help,,помощь
her,hɜː,ее/ей
here,hɪə,тут/сюда/здесь
herself,,сама
hi,haɪ,привет
hidden,ˈhɪdn,скрытый
high,haɪ,высокий
hill,hɪl,холм
him,,его
himself,,сам
his,,его
his/him,hɪz/hɪm,его/ему
history,,история
hit,,поражать(цель)
hold,,держать
hold (held – held),həʊld/held,держать
holiday (AmE: a vacation),ˈhɒlɪdeɪ/vəˈkeɪʃ(ə)n,каникулы/отпуск
home,,дом
home,,домой
honest,ˈɒnɪst,честный
honey,ˈhʌnɪ,мед
hope,həʊp,надеяться
horse,hɔːs,лошадь
hospital,ˈhɒspɪt(ə)l,больница
hot,hɒt,жаркий/горячий
hotel,ɑ həʊˈtel,отель
hotel,həʊˈtel,гостиница
hour,ən ˈaʊər,час
house,haʊz,дом
how,haʊ,как/каким образом
however,haʊˈevə,тем не менее/однако
huge,,огромный
human,,человек
humid,ˈhjuːmɪd,влажный
hundred,ˈhʌndrəd,сто
hurt,hɜːt,ранить/повреждать
husband,ˈhʌzbənd,муж
ice cream,aɪsˈkriːm,мороженое
idea,,идея
identify,,идентифицировать
if,ɪf,если
illegal,ɪˈliːɡl,незаконный
image,,изображение
imagine,,воображать
impact,,влияние
impatient,ɪmˈpeɪʃ(ə)nt,нетерпеливый
important,ɪmˈpɔːrtnt,важный
impossible,ɪmˈpɑːsəbl,невозможный
improve,,улучшать
in,ɪn,в
in front of,frʌnt,впереди
include,,включать
including,,включая
increase,,увеличивать
indeed,,действительно
indicate,,указывать на
indigestion,ɪndɪˈdʒestʃ(ə)n,несварение
individual,,индивидуальный
industry,,индустрия
information,,информация
inside,,внутри
instead,,вместо
institution,,учреждение
interest,,интерес
interesting,ˈɪnt(ə)rɪstɪŋ,интересный
international,,международный
intersection,ɪntəˈsekʃ(ə)n,перекресток
interview,,интервью
into,,внутри
invitation,ɪnvɪˈteɪʃ(ə)n,приглашение
invite,ˈɪnvaɪt,приглашать
involve,,включать
island,ˈaɪlənd,остров
issue,,проблема
it,ɪt,оно (о неодушевленных предметах и животных)/это
its,,этого
its/it,ɪts/ɪt,его/ее/ему/ей (о неодушевленном)
itself,,само
jacket,ˈdʒækɪt,пиджак/куртка
jam,ʤæm,варенье
jealous,ˈdʒeləs,ревнивый
job,,работа
join,,присоединяться
journalist,ˈdʒɜːn(ə)lɪst,журналист
journey,ɑ ˈʤɜːnɪ,путешествие
jug,dʒʌɡ,кувшин
juice,ʤuːs,сок
just,dʒʌst,только что/просто
keep,,хранить
keep (kept – kept),kiːp/kept,хранить/продолжать
kettle,ˈket(ə)l,чайник
kid,,ребенок
kill,kɪl,убивать
kind,kaɪnd,добрый/вид
kitchen,ˈkɪtʃɪn,кухня
knee,niː,колено
knife,naɪf,нож
knitting,ˈnɪtɪŋ,вязание
know,tuː nəʊ,знать
knowledge,,знания
lake,leɪk,озеро
land,,земля
language,,язык
large,,огромный
last,læst,прошлый/последний
late,leɪt,поздний
later,ˈleɪtər,позже/позднее
laugh,lɑːf,смеяться
law,,закон
lawyer,ˈlɔːjə,юрист
lay,,лежать
lazy,ˈleɪzɪ,ленивый
lead,,вести
leader,,лидер
leaf,liːf,лист
learn,,учить
least,,наименее
leave,,покидать
lecture,ˈlektʃər,лекция
left,left,левый/налево
leg,leɡ,нога
legal,ˈliːɡl,законный
less,les,меньше/меньший
lesson,ə ˈlesn,урок
let,,позволять
letter,ə ˈletər,буква/письмо
level,,уровень
lid,lɪd,крышка
lie,,лгать
life,,жизнь
lifeguard,ˈlaɪfɡɑːd,пляжный спасатель
light,laɪt,свeтлый/свет
lightning,ˈlaɪtnɪŋ,молния
like,laɪk,нравиться/как
likely,,вероятно
lily,ˈlɪlɪ,лилия
line,,линия
lion,ˈlaɪən,лев
lips,lɪps,губы
list,,список
listen,tuː ˈlɪsn,слушать
literature,ˈlɪtrətʃər,литература
little,ˈlɪtl,мало (с неисчисляемыми существительными)/маленький
live,lɪv,жить
living room,ˈlɪvɪŋ/ruːm,гостиная/зал
local,,местный
lonely,ˈləʊnlɪ,одинокий
long,lɔːŋ,длинный/долго
look,lʊk,выглядеть/смотреть/вид
lose,,терять
loss,,убыток
lot,,много
lot of,ə lɔt ɔv,много
love,lʌv,любить/любовь
low,ləʊ,низкий
lucky,ˈlʌkɪ,везучий
lunch,lʌnʧ,обед
magazine,,журнал
maiden name,ˈmeɪd(ə)n/neɪm,девичья фамилия
main,meɪn,главный
maintain,,поддерживать
major,,основной
make,,делать
make (made – made),tuː meɪk (meɪd – meɪd,делать/изготавливать
man,,человек/мужчина
man (pl. men),mæn,мужчина
manage,,управлять
manage,,справляться
manager,,менеджер
many,ˈmenɪ,много(исчисляемые существительные)/много
market,ˈmɑːkɪt,рынок
married,ˈmærɪd,женатый/замужняя
martial аrts,ˈmɑːʃəl а rts,боевые искусства
material,,материал
matter,,иметь значение
may,meɪ,иметь разрешение сделать что-то
maybe,ˈmeɪbiː,возможно/может быть
me,,мой
meal,ɑ miːl,прием пищи/еда
mean,,значит
measure,,мера
mechanic,mɪˈkænɪk,механик
media,,медиа
medical,,медицинский
meet,,встречать
meeting,,встреча
member,,участник
memory,,память
mention,,упоминать
menu,ˈmenjuː,меню
message,,сообщение
method,,метод
middle,,средний
midnight,ˈmɪdnaɪt,полночь
might,,может
military,,военный
milk,mɪlk,молоко
million,ˈmɪljən,миллион
mind,,разум
minute,ˈmɪnɪt,минута
mirror,ˈmɪrə,зеркало
miss,tuː mɪs,пропустить/опоздать/скучать
mistake,ə mɪˈsteɪk,ошибка
model,,модель
modern,ˈmɒd(ə)n,современный
mom,mɒm,мама
moment,,момент
money,,деньги
monkey,ˈmʌŋkɪ,обезьяна
month,mʌnθ,месяц
moody,ˈmuːdɪ,унылый
more,mɔːr,больше
morning,ˈmɔːrnɪŋ,утро
most,,большинство
mother,ˈmʌðə,мать
mother-in-law,ˈmʌðərɪnlɔː,свекровь/теща
mountain,ˈmaʊntɪn,гора
mouse (pl. mice),maʊs,мышь
mouth,maʊð,рот
move,,двигаться
movement,,движение
movie,,фильм
much,mʌtʃ,много (неисчисляемые существительные)/значительно
mushroom,ɑ ˈmʌʃrum,гриб
music,ˈmjuːzɪk,музыка
musician,mjuːˈzɪʃ(ə)n,музыкант
must,məst,должен/быть обязанным сделать что-то
mustache,ˈmʌstæʃ,усы
my,,мое
my/me,maɪ/miː,мой/мне
myself,,сам
n't,,не(сокр.)
nail,neɪl,ноготь
name,neɪm,имя/название
nanny,ˈnænɪ,няня
napkin,ˈnæpkɪn,салфетка
narrow,ˈnærəʊ,узкий
nation,,нация
national,,национальный
natural,,естественный
nature,,природа
near,,близко
nearly,,приблизительно
necessary,,важно
neck,nek,шея
necklace,ˈneklɪs,ожерелье
need,niːd,нуждаться/необходимость
neither … nor,ˈnaɪðə,ни… ни
nephew,ˈnefjuː,племянник
nervous,ˈnɜːvəs,нервный
network,,сеть
never,ˈnevər,никогда
new,nuː,новый
news,,новости
next,nekst,следующий
nice,naɪs,милый/отлично
niece,niːs,племянница
night,naɪt,ночь
nine,naɪn,девять
nineteen,naɪnˈtiːn,девятнадцать
ninety,ˈnaɪntɪ,девяносто
no,nəʊ,нет
noisy,ˈnɔɪzɪ,шумный
none,nʌn,нисколько
north,,север
nose,nəʊz,нос
not,nɒt,не
note,ə nəʊt,записка/запись/пометка/нота
notebook,ə ˈnəʊtbʊk,тетрадь
nothing,,ничего
novel,ˈnɑːvl,роман
now,naʊ,сейчас/теперь
number,,количество
nurse,nɜːs,медсестра
nut,ɑ nʌt,орех
nutritionist,njʊˈtrɪʃ(ə)nɪst,нутрициолог/диетолог
oak,əʊk,дуб
oatmeal,ˈəʊtmiːl,овсянка
obvious,ˈɑːbvɪəs,очевидный
occur,,происходить
of,,из/от/об
off,,от/с
off,,от/прочь
offer,,предлагать
office,,офис
officer,,офицер
official,,официальный
often,ˈɔːfn,часто
oh,,ох
oil,ɔɪl,масло
ok,,ок
old,əʊld,старый
on,ɒn,на/от
once,,однажды
one,wʌn,один
onion,æn ˈʌnjən,лук
only,,только
onto,,на
open,ˈəʊpən,открывать/открытый
operation,,операция
opportunity,,возможность
or,ɔː,или
orange,ˈɒrɪn(d)ʒ,оранжевый
order,ˈɔːdə,заказывать/приказ
organ,ˈɔːɡ(ə)n,орган
organization,,организация
other,,другой
other,,иной
others,,другие
our,,наше
our/us,'auə/ʌs,наш/нам
out,,из/вне
outside,,снаружи
outskirts,ˈaʊtskɜːts,окраина
oven,ˈʌvən,печь/духовка
over,,сверх
own,,личный
page,ə peɪdʒ,страница
pain,peɪn,боль
paint,tuː peɪnt,рисовать красками
pair,peə,пара
pale,peɪl,бледный
pan,pæn,кастрюля
paper,ˈpeɪpər,бумага
parent,,родитель
parents,ˈpeərənts,родители
park,pɑːk,парк
part,pɑːrt,часть
particular,,определенный
particularly,,особенно
partner,ˈpɑːtnə,партнер
party,ˈpɑːtɪ,вечеринка
pass,,проходить
passion,ˈpæʃ(ə)n,страсть
passport,ɑ ˈpɑːspɔːt,паспорт
past,,прошлое
patient,,пациент
pavement (AmE: a sidewalk),ˈpeɪvm(ə)nt/ˈsaɪdwɔːk,тротуар
pay,peɪ,платить
peace,,мир
peach,ɑ piːʧ,персик
pear,ɑ peə,груша
pen,ə pen,ручка
pencil,ə ˈpensl,карандаш
people,,люди
pepper,ˈpepə,перец
per,,за
perform,,выполнять
performance,,представление
perhaps,,возможно
period,,период
person,,человек
person (pl. people),ˈpɜːsn,человек/персона
personal,,личный
pharmacist,ˈfɑːməsɪst,аптекарь/провизор
pharmacy (AmE: a drug store),ˈfɑːməsɪ/ˈdrʌɡ/stɔː,аптека
phone,,телефон
physical,,физический
physician,fɪˈzɪʃ(ə)n,врач-терапевт
pick,,выбирать
picnic,ˈpɪknɪk,пикник
picture,,картинка
pie,ɑ paɪ,пирог
piece,piːs,кусок/часть
pig,pɪg,свинья
pillow,ˈpɪləʊ,подушка
pilot,ˈpaɪlət,пилoт
pine,paɪn,сосна
pineapple,ɑ ˈpaɪnæpl,ананас
pink,pɪŋk,розoвый
place,,место
plan,plæn,планировать
plane,pleɪn,самолет
plant,plɑːnt,растение
plate,pleɪt,тарелка
plateau,ˈplætəʊ,плато
platform,ˈplætfɔːm,платформа
play,tuː pleɪ,играть/игра/спектакль
player,,игрок
please,pliːz,пожалуйста
pleasure,ˈpleʒə,удовольствие
plum,ɑ plʌm,слива
plumber,ˈplʌmə,сантехник
point,,точка(зрения)
point,,точка
police,pəˈliːs,полиция
policeman (pl. policemen),pəˈliːsmən/pəˈliːsmən,полицейский
policy,,политика
polite,pəˈlaɪt,вежливый
political,,политический
politician,pɒlɪˈtɪʃ(ə)n,пoлитик
politics,,политика
pollution,pəˈluːʃ(ə)n,загрязнение
poor,pɔː(r),бедный/слабый
popular,,популярный
population,,население
position,,позиция/должность
possible,ˈpɑːsəbl,возможный
post office,pəʊst/ˈɒfɪs,почта
potato,pəˈteɪtəʊ,картофель
power,,сила
power plant,ˈpaʊə/plɑːnt,электростанция
practice,,практика
prepare,,подготавливать
present,ˈprez(ə)nt,подарок/дарить
president,,президент
pressure,,давление
pretty,,красивый
price,,цена
pride,praɪd,гордость
private,,приватный
probably,ˈprɑːbəblɪ,вероятно
problem,,проблема
process,,процесс
produce,,производить
product,,продукт
production,,производство
professor,,профессор
program,,программа
programmer,ˈprəʊɡræmə,программист
project,,проект
property,,имущество
protect,,защищать
prove,,доказывать
provide,,снабжать
public,,общественность
public,,общественный
pull,,тянуть
pumpkin,ɑ ˈpʌmpkɪn,тыква
purplе,ˈpɜːp(ə)l,фиoлетовый
purse,pɜːs,дамская сумка
push,,толкать
put,,положил
put on,pʊt/ɒn,надевать
pyjamas,pəˈdʒɑːməz,пижама
quality,,качество
question,,вопрос
quickly,,быстро
quiet,ˈkwaɪət,тихий
quiet,ˈkwaɪət,тихий/спокойный
quite,,довольно
rabbit,ˈræbɪt,кролик
race,,рас
radio,,радио
rain,reɪn,дождь
rainy,ˈreɪnɪ,дождливый
raise,,расти
range,,спектр
rare,rer,редкий
rat,ræt,крыса
rate,,темп
rather,,скорее
reach,,достигать
read,,читать
read (read – read),tuː riːd,читать
ready,ˈredɪ,готовый/готов
real,rɪəl,настоящий
realize,,реализовывать
really,,действительно
reason,,причина
receive,,получать
recent,,недавний
recently,,недавно
recognize,,узнавать
record,,записывать
red,red,красный
reduce,,снижать
region,,регион
relationship,,отношение
religious,,религиозный
remain,,оставаться
remember,,помнить
remove,,удалять
report,,докладывать
report,,отчет
represent,,представлять
require,,требовать
research,,исследование
resource,,ресурс
respond,,реагировать
response,,ответ
rest,rest,отдыхать
restaurant,ˈrest(ə)rɒnt,ресторан
result,,результат
return,,возвращаться
reveal,,раскрывать
rice,raɪs,рис
rich,rɪtʃ,богатый/насыщенный
right,raɪt,правый/направо/правильно/право
ring (rang – rung),rɪŋ/ræŋ/rʌŋ,звонить
rise,,возрастать
risk,rɪsk,рисковать
river,ˈrɪvə,река
road,rəʊd,дорога
roasted,ˈrəʊstɪd,жареный на углях
rock,,рок
role,,роль
roof,ruːf,крыша
room,ruːm,комната
root,ruːt,корень
rose,rəʊz,роза
rotten,ˈrɑːtn,гнилой/испорченный
round,raʊnd,круглый
rude,ruːd,грубый
rule,,правило
run,,бежать
running nose,ˈrʌnɪŋ/nəʊz,насморк
sad,sæd,грустный
sadness,ˈsædnəs,печаль
safe,seɪf,безопасный
salesperson,ˈseɪlzpɜːs(ə)n,прoдавец
salt,sɔːlt,соль
salty,ˈsɔːltɪ,соленый
same,seɪm,тот же/такой же/одинаковый
sand,sænd,песок
sauce,sɔːs,соус
save,seɪv,спасать/сохранять
say,,сказать
scarf,skɑːf,шарф
scene,,сцена
school,ə skuːl,школа
school,skuːl,школа
science,ˈsaɪəns,наука
sea,,море
season,ˈsiːzn,сезон/время года
seat,siːt,место/сиденье/кресло
second,ˈsekənd,секунда/второй
section,,раздел
security,,безопасность
see,siː,видеть
seek,,искать
seem,,казаться
sell,,продавать
sell (sold – sold),sel/səʊld,продавать
send (sent – sent),send/sent,отправлять
sense,,смысл
series,,серии
serious,,серьезный
serve,,обслуживать
service,,сервис
set,,устанавливать
set,,набор
seven,ˈsevn,семь
seventeen,sev(ə)nˈtiːn,семнадцать
seventy,ˈsev(ə)ntɪ,семьдесят
several,,несколько
sewing,ˈsəʊɪŋ,шитье
sex,,секс
shake,,взбивать
share,ʃeə,делиться
she,ʃiː,она
shelf,ʃelf,полка
shirt,ʃɜːt,рубашка
shoes,ʃuːz,обувь
shoot,,стрелять
shop (AmE: a store),ʃɒp/stɔː,магазин
short,ʃɔːt,низкий/короткий
shorts,ʃɔːts,шорты
should,ʃəd,должен/рекомендация или пожелание сделать что-то
shoulder,ˈʃəʊldə,плечо
show,,показывать
shower,ˈʃaʊə,душ
sick,sɪk,больной
side,,сторона
sign,saɪn,подписывать/знак/подпись
significant,,значительный
similar,ˈsɪmɪlə,похожий/идентичный
simple,,простой
simply,,легко
since,sɪns,раз уж/поскольку/так как/с тех пор/с какого-то момента/с
sing (sang-sung),tuː sɪŋ (sæŋ-sʌn,петь
singer,ˈsɪŋə,певец/певица
single,ˈsɪŋɡ(ə)l,холостой/незамужняя/один/одинокий
sink,sɪŋk,раковина
sister,ˈsɪstə,сестра
sit,,сидеть
sit (sat – sat),sɪt/sæt/sæt,сидеть
site,,сайт
situation,,ситуация
six,sɪks,шесть
sixteen,sɪksˈtiːn,шестнадцать
sixty,ˈsɪkstɪ,шестьдесят
size,,размер
skill,,навык
skin,skɪn,кожа
skinny,ˈskɪnɪ,худой
skirt,skɜːt,юбка
sleep (slept – slept),sliːp/slept,спать
slow,sləʊ,медленный
small,smɔːl,маленький
smell,smel,нюхать/иметь запах
smile,smaɪl,улыбаться
smoke,sməʊk,курить
snack,snæk,перекус
snake,sneɪk,змея
sneeze,sniːz,чихать
snow,snəʊ,снег
snowy,ˈsnəʊɪ,снежный
so,səʊ,итак/таким образом/поэтому/так
social,,социальный
society,,общество
socket,ˈsɒkɪt,розетка
socks,ˈsɒks,нoски
soda,ˈsəʊdə,газировка
sofa,ˈsəʊfə,диван
some,sʌm,несколько/некоторые
someone,,кое-кто
something,,что-нибудь
sometimes,ˈsʌmtaɪmz,иногда
son,sʌn,сын
song,ɑ sɒŋ,песня
soon,suːn,скоро
sorry,ˈsɒrɪ,извините/простите
sort,,вид
sound,,звук
sound,,звучать
sour,ˈsaʊə,кислый
source,,источник
south,,юг
space,,пространство
speak,,общаться
speak (spoke – spoken),spiːk/spəʊk/ˈspəʊk(ə)n,разговаривать
special,,специально
specific,,конкретный
spend,,проводить
spend (spent – spent),spend/spent,проводить/тратить
spices,spaɪs,специи
spicy,ˈspaɪsɪ,острый
spider,ˈspaɪdə,паук
spine,spaɪn,позвоночник
spoon,spuːn,ложка
sport,,спорт
spot,spɒt,пятно/точка
spring,ˈsprɪŋ,весна
square,skwer,квадратный
square,skweə,площадь
squirrel,ˈskwɪr(ə)l,белка
staff,,персонал
stage,,этап
stand,,стоять
standard,,стандарт
star,,звезда
start,,начинать
state,,состояние
state,,государство
statement,,утверждение
station,,станция
stay,,оставаться
step,,шаг
stepbrother,ˈstepbrʌðə,сводный брат
stepdaughter,ˈstepdɔːtə,падчерица
stepfather,ˈstepfɑːðə,отчим
stepmother,ˈstepmʌðə,мачеха
stepsister,ˈstepsɪstə,сводная сестра
stepson,ˈstepsʌn,пасынок
still,,до сих пор
stock,,запас
stockings,ˈstɒkɪŋz,чулки
stomach,ˈstʌmək,живот/желудок
stone,stəʊn,камень
stooped,stuːpt,сутулый
stop,,останавливаться
store,,магазин
story,ə ˈstɔːrɪ,история/рассказ
stove,stəʊv,плита
straight,streɪt,прямой/ровный
strange,streɪndʒ,странный
strategy,,стратегия
street,striːt,улица
strong,,сильный
structure,,структура
student,ə ˈstuːdnt,студент/ученик
study,tuː ˈstʌdɪ,учиться/изучать/учение
stuff,,материал
style,,стиль
subject,,предмет
success,,успех
such,,как
such,,такой
suddenly,,внезапно
sugar,ˈʃʊgə,сахар
suggest,,предлагать
suit,suːt,кoстюм
suit,suːt,идти/хорошо смотреться
summer,ˈsʌmər,лето
sun,sʌn,солнце
sunny,ˈsʌnɪ,солнечный
support,,помощь
support,,поддержка
sure,,конечно
surgeon,ˈsɜːdʒ(ə)n,хирург
surname (AmE: a last name),'sɜːneɪm,фамилия
sweater,ˈswetə,свитер
sweet,swiːt,сладкий
swollen,ˈswəʊlən,опухший
system,,система
table,ˈteɪb(ə)l,стол
take,,брать
take pictures,tuː teɪk ˈpɪkʧəːz,фотографировать
talented,ˈtæləntɪd,талантливый
talk,tɔːk,разговаривать/общаться/болтовня
tall,tɔːl,высокий
tanned,tænd,загорелый
taste,teɪst,пробовать/иметь вкус
tasty,ˈteɪstɪ,вкусный
tax,,налог
tea,tiː,чай
teach,tuː tiːtʃ,учить/преподавать
teacher,ˈtiːtʃə,учитель
team,,команда
technology,,технология
television,,телевидение
tell,,рассказывать
tell (told – told),tel/təʊld/təʊld,рассказывать
temperature,ˈtemp(ə)rətʃə,температура
ten,ten,десять
term,,срок
test,ə test,тест
than,,как
than,,чем
thank,,благодарность
thank you,θæŋk/jə,спасибо
that,,что
that,,тот
the,,артикль
the ocean,ˈəʊʃ(ə)n,океан
the sea,siː,море
theatre,ˈθɪətə,театр
theatre (AmE: a theater),ˈθɪətə/ˈθɪətər,театр
their,,их
their/them,ðeə/ðem,их/им
them,,им
themselves,,сами
then,ðen,затем/тогда
theory,,теория
there,ðə(r),там/туда
these,,эти
they,ðeɪ,они
thing,,вещь
think,,думать
think (thought – thought),θɪŋk/θɔːt/θɔːt,думать/считать
third,θɜːrd,третий
third,,третий
thirteen,θɜːrˈtiːn,тринадцать
thirty,ˈθɜːtɪ,тридцать
this,,этот
those,,те
though,,хотя
thought,,намерение
thought,,мысль
thousand,ˈθaʊznd,тысяча
three,θriː,три
throat,θrəʊt,горло
through,θruː,через/сквозь
throughout,,на протяжении
throw,,через
thunderstorm,ˈθʌndəstɔːm,гроза
thus,,таким образом
ticket,ɑ ˈtɪkɪt,билет
tie,taɪ,галстук
tights,taɪts,колготки
time,,время
to,tə,по направлению к/чтобы/частица перед глаголом
today,təˈdeɪ,сегодня
toe,təʊ,палец на ноге
together,,вместе
toilet,ˈtɔɪlɪt,туалет
tomato,ɑ təˈmɑːtəʊ,помидор
tomorrow,təˈmɔːrəʊ,завтра
tongue,tʌŋ,язык
tonight,təˈnaɪt,сегодня вечером/этой ночью
too,,тоже
too much,tuː mʌtʃ,слишком много
tooth (pl. teeth),tuːθ/tiːθ,зуб
top,,топ
top,,верх
toward,,к
town,taʊn,небольшой город/городок
trade,,торговля
traditional,,традиционный
traffic light,ˈtræfɪk/laɪt,светофор
trail,,след
train,treɪn,поезд
train station,treɪn/ˈsteɪʃ(ə)n,ЖД вокзал
training,,тренировка
travel,tuː trævl,путешествовать
travel agency,trævl ˈeɪʤənsɪ,туристическое агентство
tray,treɪ,поднос
treat,,лечить
treatment,,лечение
tree,triː,дерево
triangular,traɪˈæŋɡjələr,треугольный
trip,,путешествие
trouble,,проблема
trousers,ˈtraʊzəz,брюки
true,,правильный
truth,,правда
try,traɪ,пытаться
turn,tɜːn,поворот
twelve,twelv,двенадцать
twenty,ˈtwentɪ,двадцать
two,tuː,два
type,,тип
ugly,ˈʌɡlɪ,уродливый
uncle,ˈʌŋk(ə)l,дядя
under,ˈʌndə,под
undercooked,undercooked,полусырой
understand,,понимать
underwear,ˈʌndəweə,нижнее белье
unit,,часть
university,juːnɪˈvɜːsɪtɪ,университет
unless,ʌnˈles,если только не
until,,до тех пор
up,ʌp,вверх
upon,,на/по
us,,нам/нас
use,juːz,использовать
usually,ˈjuːʒʊəlɪ,обычно
valley,ˈvælɪ,долина
value,,значение
various,,различный
very,,очень
view,,видение
village,ˈvɪlɪdʒ,деревня
visit,ˈvɪzɪt,посещать
voice,,голос
volcano,vɒlˈkeɪnəʊ,вулкан
wait,weɪt,ждать
waiter/waitress,ˈweɪtə/ˈweɪtrəs,официант/официантка
wake up (woke – woken),weɪk/ʌp/wəʊk/ˈwəʊkən,просыпаться
walk,,гулять
wall,wɔːl,стена
wallet,ˈwɒlɪt,бумажник
want,,хотеть
war,,война
wardrobe (AmE: a closet),ˈwɔːdrəʊb,шкаф
warm,wɔːm,теплый
wash,wɒʃ,мыть/стирать
watch,wɒtʃ,смотреть/наблюдать
water,ˈwɔːtə,вода
watermelon,ɑ ˈwɔːtəmelən,арбуз
way,,способ
we,wiː,мы
weapon,,снаряжение
wear,,носить(одежду)
wear (wore – worn),weə/wɔː/wɔːn,носить (одежду)
wedding,ˈwedɪŋ,свадьба
week,wiːk,неделя
weight,,вес
well,,здорово
well,,хорошо
west,,запад
what,wɒt,что/какой
whatever,,без разницы
whatever,,что-нибудь
when,wen,когда
where,weə,где/куда
which,,который
while,,пока
white,waɪt,бeлый
who,huː,кто
whole,,целый
whom,huːm,кому
whose,,чей
why,waɪ,почему/зачем
wide,waɪd,широкий
wife,waɪf,жена
will,,будет
win,,побеждать
wind,wɪnd,ветер
window,ˈwɪndəʊ,окно
windy,ˈwɪndɪ,ветрено
winter,ˈwɪntər,зима
wire,ˈwaɪə,провод
with,wɪð,с
within,,в пределах
without,wɪðˈaʊt,без
wolf,wʊlf,волк
woman,,женщина
woman (pl. women),'wumən,женщина
wonder,,удивляться
word,,слово
work,wɜːk,работать
worker,ˈwɜːkə,рабoчий
world,,мир
worry,ˈwʌrɪ,беспокоиться/волноваться
would,,бы
wound,wuːnd,рана
write,,писать
writer,ˈraɪtə,писатель
wrong,,неправильный
yeah,,да(разг.)
year,jɪr,год
yellow,ˈjeləʊ,желтый
yes,jes,да
yesterday,ˈjestərdeɪ,вчера
yet,jet,пока не/до сих пор
yogurt,ˈjɒgət,йогурт
you,juː,ты/вы
you are welcome,ju/ɑː/ˈwelkəm,не за что
young,jʌŋ,молодой
your,,твой
your/you,jɔː/juː,твой/ваш/тебе/вам
yourself,,тебя самого
zero,ˈzɪrəʊ,ноль
